{ "riesgos":
  [
      [1167606000000, 0.9580],
      [1167692400000, 0.9580],
      [1167778800000, 0.95470],
      [1167865200000, 0.95490],
      [1167951600000, 0.96130],
      [1169506800000, 0.97170]
    ],

    "prorrogas":[
        [1167606000000, 0.7580],
        [1167692400000, 0.7580],
        [1167778800000, 0.75470],
        [1167865200000, 0.75490],
        [1167951600000, 0.76130],
        [1169506800000, 0.77170]
    ],

    "siniestros":[
        [1167606000000, 0.8580],
        [1167692400000, 0.8580],
        [1167778800000, 0.85470],
        [1167865200000, 0.85490],
        [1167951600000, 0.86130],
        [1169506800000, 0.87170]
    ]

}
